puuid,leaguePoints,rank,wins,losses,veteran,inactive,freshBlood,hotStreak,tier,Riot_ID,total_games,win_rate,updated_at
aIbr6wA-uIC7TKTyrCoNXQdklatJOy7JZcPlKhye6CsInFb_a3IdKDMdmNxCeQ_xFpJqpHiMl4rKXQ,2006,I,261,125,True,False,False,True,Challenger,Fer#41fer,386,67.62,2026-01-26 11:08:43.407642+07:00
x13cEumQNek2mzLebII6fYK-VQ7iHKLws7YvPlbrWQ0TWUnXxW29JxiGpD9342uBCu5ip0I-RBwSqQ,1972,I,476,235,True,False,False,True,Challenger,Nanande#nana,711,66.95,2026-01-26 11:08:43.407642+07:00
gDS_RXL2uVslEPIcN_A8AVyv6gDSAEWb3dwYsV8ofJXEKVEJpvT2hykvUIg6cJmLmJu_VU1akJ_jKw,1823,I,298,116,True,False,False,False,Challenger,Eggy#6142,414,71.98,2026-01-26 11:08:43.407642+07:00
14IIPePAeml4zuSMfE6L4ZeOsFubGK3MCmZE7JX_vxX_u60uyKlQIIeLuux3YRXo3Y5JIdY4nyUsHQ,1614,I,303,131,True,False,False,False,Challenger,ARaye#Rawyr,434,69.82,2026-01-26 11:08:43.407642+07:00
rF7pPnd6Y70yDZHOhsiJXw_K6LhwR-OG1058e4pzirzuuQl18en0bN-3xD2-1HJKk1Pqpe_x01jTQw,1575,I,346,196,True,False,False,False,Challenger,Enif#SEA,542,63.84,2026-01-26 11:08:43.407642+07:00
S1y6zj-N_jmCqxP3WiGPtnEhIZMm1rSr3f6ft94vtJ2oKObwnfrA12wg44v3_OvEXdj5eJ2AiBU0NA,1574,I,225,102,True,False,False,True,Challenger,masianiverson#xdd,327,68.81,2026-01-26 11:08:43.407642+07:00
LOZXtiOOJOowiev9UHNv7XJ5d3m268S7GyU2K19rf3ZmQgtyabvX0Eh5joLpfhAYSq2g_8I8mP5pdg,1548,I,405,198,True,False,False,True,Challenger,mald#tft,603,67.16,2026-01-26 11:08:43.407642+07:00
_M9CtULqij_I3Cjw5Kbzl4dh48ZEgsOQQ0pd-W32HcT7r0I0iHKHmObg9COsMGfWy_c1Lb_fvLi8zA,1419,I,223,131,True,False,False,False,Challenger,FS Boomhae#0901,354,62.99,2026-01-26 11:08:43.407642+07:00
co6S0me5NhGep4IeJfgFqJ2y9nyUy25pVj0BKGtlsNy9o33d9VlDi1amIvoZmjeOEAta1DQSJ9gIJg,1414,I,283,174,True,False,False,True,Challenger,Disbenefit#boop,457,61.93,2026-01-26 11:08:43.407642+07:00
nqTelHUs-BmzKaPto4FW0CrrFmVAjNUzZOEPAyr561xUCV-uhLUaMiew-_GDgHl92n1SZnz3_RenNA,1410,I,271,180,False,False,True,True,Challenger,mashimomo#971,451,60.09,2026-01-26 11:08:43.407642+07:00
8xtcab4066AaNOKbYo34yywmm-vLFhaDsgPtriU_AZsdOeOn2JdC1zPOcZxHieNuaVk9DEqat4iReQ,1401,I,316,225,False,False,True,False,Challenger,FuuTime#xdd,541,58.41,2026-01-26 11:08:43.407642+07:00
gDFwB7VpJ0KklJRh2W6VtxNTDEv4Y_HQNJAoOa2KwQkTu3b0LaUwhVXQn6elrV6LSV8xsH1IfIONRw,1388,I,131,58,False,False,True,True,Challenger,iheartristan#duck,189,69.31,2026-01-26 11:08:43.407642+07:00
Q2kiTnBK9Ob__FHZkOZGhfvp3UOIXVdKz90VsclIamYV151aGoDixYip1oMx37sZAvEezpg3WWsceA,1378,I,486,281,True,False,False,True,Challenger,BBTY#300,767,63.36,2026-01-26 11:08:43.407642+07:00
u3t1CxmEcorlNuv4Wf8KBMwma_NNcNujXUsMMx2esX2Zc4kMOaQTTT6tzy2UBd0RFbEgRxSProqSVw,1369,I,302,212,True,False,False,False,Challenger,Atomic#SG3,514,58.75,2026-01-26 11:08:43.407642+07:00
Mhawv3yZdFR4G8huny8zSaRmzvErIWGE4-i5-49D8S40FauOWdsiby64aywU4O_TZdCyzGKu2y_rfQ,1364,I,267,199,False,False,False,False,Challenger,a21#SEA,466,57.3,2026-01-26 11:08:43.407642+07:00
SAempvmqOFivF3G5RapsA3hF60xv1MpR_h_SlShDoDWSbMrJgF4YmuhqFMuAjKNgJ-7WrK0ZLSDr2A,1358,I,308,205,False,False,True,False,Challenger,potatodoggy#SG3,513,60.04,2026-01-26 11:08:43.407642+07:00
XrQvTVdnprJF2JTrsMDUMxiRWoXqh2v1IrwQZoUDcw0MYkVS7rwKEVF_-caKBT0yV31_rc1MEF-N8w,1354,I,346,246,False,False,False,True,Challenger,WINNYS#WNYS,592,58.45,2026-01-26 11:08:43.407642+07:00
WQEBRvBDn0Baos2UGk9vzo30O0AdeE_FcaVL1t2tlGxMq8yZFi9zQZ8K572SKY6vUSGjG5WHXPQVjg,1340,I,327,236,False,False,False,True,Challenger,Aofnakup#1991,563,58.08,2026-01-26 11:08:43.407642+07:00
pbYdEM53JcEAmndVOrpnsXJbl7GxlBTgoJ-b2N3AsVmZWDWVj1bKiOsRr2s0ylujTmW-kOrsZZhbBQ,1327,I,213,137,False,False,True,True,Challenger,SunRise#Shiny,350,60.86,2026-01-26 11:08:43.407642+07:00
WQ8Ijfkxn0GMKPQUy2EDTOc8JUccezQFH1Tp4pNaQJJMRo5JYty5lAPzwyuODKoCaxYfNo0yQxWRIA,1326,I,318,196,True,False,False,False,Challenger,PieceOfSheep#SG2,514,61.87,2026-01-26 11:08:43.407642+07:00
zlAWnFkrFYWVTLW5OxWxUI1nJLw0qO1tuICtuDIccVSTO43s1F3LhraZk1-Inmc9zMGGZ05AW9TGfQ,1320,I,374,294,False,False,False,False,Challenger,TaNTaNCE#3443,668,55.99,2026-01-26 11:08:43.407642+07:00
sIGOZ9DnVqhqkYltynlYFf6Mc-K2BYvhoJ09e0vXfeY76ntfmNq66_S_Tif_bDreckyhXTvj7MXiWQ,1315,I,336,210,True,False,False,False,Challenger,Mulberry#ketsu,546,61.54,2026-01-26 11:08:43.407642+07:00
MQDFJazMxolRxLPj2G21TB_A5Ji5Sa421HaZ0rWlS4SZWMuvgTwTUPB23mpcMY1_CK_BmtFkcfL76w,1311,I,296,195,False,False,True,True,Challenger,Stryggar#004,491,60.29,2026-01-26 11:08:43.407642+07:00
j5USmCMGJffIzaGlfGcZ0m2hhl_BpfD5DWjsqr7XpZyGV15ce3X1CjQRVPNxP9HbSt8fPEOB9bCT3A,1307,I,251,180,False,False,True,True,Challenger,caipng#8620,431,58.24,2026-01-26 11:08:43.407642+07:00
I7tSP-bG8Jar2NU9-QS_csC-4SeO297MmFO4_otO_TAm8DYgRvtpiZjB3-xfDspjKZv1r7oyLEYlJw,1306,I,163,79,False,False,False,False,Challenger,outboxer009#333,242,67.36,2026-01-26 11:08:43.407642+07:00
wqNUFaBMtQmVWLZxDl--06QwUXRQM94VBSqHqSS363h--CoZOVHwSKVGX1GQbhEvLBIqyRpeEwWuZQ,1281,I,181,119,False,False,True,True,Challenger,Carousel Griefer#weave,300,60.33,2026-01-26 11:08:43.407642+07:00
9izfCPMejo-0TI8IOI6qDcKRz2t75YPru1H7MABWGB4622Rk6vFi4REY31JCLqrpH156ZHTIjOtwcg,1279,I,359,272,True,False,False,True,Challenger,paragon#Wish,631,56.89,2026-01-26 11:08:43.407642+07:00
vQYjv6cYFyPfCPDjVrhdjs50sS5WzxHwsT-y1amfhS4jZdDKCjmbNCDCZcjEsa-b6NZ6mOZJrCH97Q,1266,I,269,176,False,False,True,True,Challenger,C24#4701,445,60.45,2026-01-26 11:08:43.407642+07:00
zPFCC1h0W9DaLG_esDcxUrmAdnL1GDrLyxyTxYKJvPiUv6wpQVxLi1SfR-jorgLRyQaF6YGoO_GlNg,1251,I,227,135,False,False,False,True,Challenger,grog#123,362,62.71,2026-01-26 11:08:43.407642+07:00
CP54-BWyY7PIEdzJTthPN3TeU3qYTazeIf29Cc84Ii8KAhk2J0q5Y86wrG3cOhquG2neAIljkMSc8A,1240,I,250,172,False,False,False,False,Challenger,jerryK#idk,422,59.24,2026-01-26 11:08:43.407642+07:00
_BkRJq3tdLec-ryXmv8HYkIQcruPrpwHMMJqmZ7FM50A8l3w_YpZ2YhTnO04LUf3unJwiBa-Aijr2w,1234,I,411,304,False,False,False,False,Challenger,Maha#YAWA,715,57.48,2026-01-26 11:08:43.407642+07:00
OX9t0WAW97FLFOcr1l-4L2AlRtPZ7eerU29E7hosR8iiyRxhzVXJrmRuIbUqIRywXu1MnnxAVfmZaw,1227,I,292,199,True,False,False,False,Challenger,Kaiser55#9050,491,59.47,2026-01-26 11:08:43.407642+07:00
O5tmLtzvTPsMkXRpTtE9EPBZXxuFiv0-LRJZN5I-uuYO5B5KRumzc-aAyYHWUYsCpO5Z9ne7RWAIUA,1224,I,154,99,False,False,True,True,Challenger,SheeepStick#3214,253,60.87,2026-01-26 11:08:43.407642+07:00
ofY_0GTEjP_FHH1VANbLgMtKmKDIl5NmBnnT8F0IwHf0gk8FaJyMueEjqeuw4TOGmuwGmWQ-BVrY0Q,1223,I,284,222,False,False,False,False,Challenger,jail#SG2,506,56.13,2026-01-26 11:08:43.407642+07:00
hwBlcjZFwqC8f0fBnBa-be63N04EpYoQwZGL_2MqeoR35KFH2Y8s89ENcDdGxml9iT0ClLE08iWHvw,1218,I,292,185,False,False,True,False,Challenger,Kjaos#four,477,61.22,2026-01-26 11:08:43.407642+07:00
V_HDEimGgGYRyR632PNqZBUUw3EHl0U3YYyfP6k9s7F3a8-bPkkN7Del-5odV5D7VwlaJnlfXRoiMA,1216,I,305,175,True,False,False,False,Challenger,Pai#phpai,480,63.54,2026-01-26 11:08:43.407642+07:00
UP1iBlQkS0ZwMsuBpIvLU7tLfSU9VeQF-_PyLeYWc7eihIYLZxfAgpVWVTF2G9zJISH57Uf_wSH4vQ,1214,I,210,164,False,False,True,True,Challenger,Jesuslovesme#Susej,374,56.15,2026-01-26 11:08:43.407642+07:00
RQfttUFwRgREnBPdhcxTtN6UBqxnji6iTnz80T3R1ZmiRyV2Caig7fqnsyLDf_-pi_HOsf6LEEIdig,1213,I,279,202,False,False,True,True,Challenger,FS Foeman#bundd,481,58.0,2026-01-26 11:08:43.407642+07:00
P7Bg4HqvX4u_8RmLlOzZ-HzskvtKnwvrXX8f9H0vSTw4--GvP4tdsKScaQpcyGv9ZkfgJTAGENnhYQ,1203,I,350,295,False,False,True,False,Challenger,Reverie#byou,645,54.26,2026-01-26 11:08:43.407642+07:00
4H1KNELz5F-xjjUu17QOu-3Yu6-f3-hIFbDoMX6hgYHvQORieMew_ikGjMGn5iPKk3mNHTlmg7ZoZA,1199,I,377,301,False,False,True,True,Challenger,hanni pham#raph,678,55.6,2026-01-26 11:08:43.407642+07:00
ZCAjLRiUB-pd3pusrD5tD8Teb-dQTuFXeTteIJdR3td7eitJvfzKrrQqc5x_mN6H0wEoS7k43WM-QQ,1196,I,117,49,False,False,True,True,Challenger,Houston3001#9594,166,70.48,2026-01-26 11:08:43.407642+07:00
HwDcYLydIRkb3OGwzIBBeWTcltTVkIWRVxbIrquIqAma8DXxWxZBzDOcegjEngN-DMyd3ZnLNMTI1Q,1192,I,232,163,False,False,False,False,Challenger,tokyosniper#dump2,395,58.73,2026-01-26 11:08:43.407642+07:00
xhH1upTjZyVT9ahEMGzKZXw9ikZ479Uy_UNdK2SB5LuGIa_PcZPFkb-XQuvAjGCqH9ZmN253b1G62g,1187,I,170,105,False,False,False,False,Challenger,7yD#DDDD,275,61.82,2026-01-26 11:08:43.407642+07:00
KBnRpeKWNTv9m4tZa5HjQglVPeKK5MjiCjGIqsJZON8tF1GSZa0Gz5krLQ-1HS4-FKeLukcxIQsT-g,1186,I,183,119,False,False,True,False,Challenger,เธอชอบเราไหมนะ#SEA,302,60.6,2026-01-26 11:08:43.407642+07:00
WYp3y1MDZ74LbcmaGZzUvDfD8N4wacyf3WqFS3fDT244fWoLDV5cqktLsYpJfippkXfrFTnks_4FXA,1185,I,452,418,False,False,True,False,Challenger,Blazderp#SG2,870,51.95,2026-01-26 11:08:43.407642+07:00
pS00u9CV4tk8k02Ze3k2uaiEKo1KzPTATfcoSEXADJlO8laQcUQMFMcj50RjrVUCtsn0G8D3y6IliQ,1177,I,176,107,False,False,False,True,Challenger,AMQ paradice#428,283,62.19,2026-01-26 11:08:43.407642+07:00
YO4XbtrAuEq9thkx5uNCfG2hAfQ-HOeBPqbGkHHWskfRTbhOrGAPz7mQnrxnhccABwrzVPZ1VJQwXw,1176,I,240,183,False,False,True,True,Challenger,Swindlol#8744,423,56.74,2026-01-26 11:08:43.407642+07:00
szibDJPPma654Cl20bTksQ7CtLJrcBQRJJvLh0QiVbBYGvRbdr7Hzk4gb3PyqSu7IyikCvQThYk6yw,1154,I,313,228,False,False,True,False,Challenger,Jizun#6848,541,57.86,2026-01-26 11:08:43.407642+07:00
X9kmN_xYGVgdLYl2JxP_Bh1abnGATdudqSmRemM6W9YecpndB1RqfRFmsT43ovf43qomuhQuXXI6DQ,1138,I,293,210,False,False,True,False,Challenger,ipw#uuuu,503,58.25,2026-01-26 11:08:43.407642+07:00
7-ef3RSWywaJDvSv4XQsPQz945sUi4sfS4vDKBMWxnwohjD3nfQSD8RI7jepJUctWw0MVxdZOKNgWg,1047,I,189,112,False,False,False,False,Challenger,bllade#99999,301,62.79,2026-01-26 11:08:43.407642+07:00
7VLQYTZFk6WFVjxNEFKqflEbDQcptyAZu6bl8GXsyMltyZKQRmrairiAjVWAKBbp1ujBoCvjhHnJig,1197,I,335,253,False,False,False,True,Grandmaster,QuazE#IWNL,588,56.97,2026-01-26 11:08:43.407642+07:00
3FO3asvqUxM6mXyl7uxSZAJmF7_7FTVJRPiPf6Sr1eWjaRXTbWFnvbNF27Tbthf3hE0FCs_1zSW8jw,1178,I,315,249,False,False,True,False,Grandmaster,Vincent#nil,564,55.85,2026-01-26 11:08:43.407642+07:00
FqpN8LIo2sGfBYHyCixaW8k6q6qp5LRmKUwfqkTgDfTEp3_VEOYwj9voWHgVrX8jY0Jwuf0KJzZbUQ,1174,I,359,275,False,False,True,False,Grandmaster,memebuster99#6071,634,56.62,2026-01-26 11:08:43.407642+07:00
dPxpmdIFBYhhVWjd1s0PYki7ejXY-WXDGwv4G1l766oFKVNhqIRXXGux-tJqCDfF7gsE5GFV3yyfig,1148,I,224,143,False,False,True,True,Grandmaster,Maalox#maa,367,61.04,2026-01-26 11:08:43.407642+07:00
TtKyVilHApZ-3ZK8oNvqd3n-YwOmdBvE3xHg4dWUs0HZZW0PCnY1ZoYKAuWP4I_vTgs7hEhkj1wurg,1142,I,291,240,False,False,True,True,Grandmaster,Aya#6292,531,54.8,2026-01-26 11:08:43.407642+07:00
0igqo3RN7dcbnYucXvIGWe1v20cCy7UbIwwa2WXPgO-xbfeFhml2FNy4AAlT_BsriDA3ClycNFh-aw,1131,I,283,207,False,False,True,False,Grandmaster,OBE Twift#009,490,57.76,2026-01-26 11:08:43.407642+07:00
vztPRJLNtzgGy2keaRHWbNPXc13KslG_aQcl2MkPXuyhU3LMlqshZ2h_VLLDPq3h22ct71oEBmuD1Q,1120,I,241,163,False,False,True,True,Grandmaster,Sinister#bgt,404,59.65,2026-01-26 11:08:43.407642+07:00
PlPP_YTQcadZg0HncxOL7aK03qYR8Y0cpB9L2w9SlhB5UrdVuiBF54UKfXj7CCKM_zNp3A_2UgAekg,1117,I,420,321,False,False,True,True,Grandmaster,MelAmz#1234,741,56.68,2026-01-26 11:08:43.407642+07:00
qztgWwktLwKKKmueaqAqdXA0Cg0XuZn2wReRmSmA-qnAMMecKDdocTepFQiTDpsM7RYVBmI6O4Yryg,1116,I,324,184,False,False,True,True,Grandmaster,Big Timmy#Fatty,508,63.78,2026-01-26 11:08:43.407642+07:00
BJYbdzUsed1TtU8-mBncsw4ycGyJXhQIFmGtvCetgaNOtJmG2wHgEdeGyOuUkjdpIoBy9aAQTAGoMg,1111,I,161,117,False,False,False,True,Grandmaster,Icd#Icedd,278,57.91,2026-01-26 11:08:43.407642+07:00
xtmkvmlgjN7YWdCV_V3fNn7pO3ESOPPcAt8dCjwK96y2viN5x4v8RlDSY8EWCLedHDgYy70oC0_2SQ,1104,I,310,229,True,False,False,False,Grandmaster,shush#2654,539,57.51,2026-01-26 11:08:43.407642+07:00
Jb_M5HiPa0cKzpwLNw8Ro9QYLMyPsNEhvxk8XYKCivO-owbSrAc1D86tdJHSNN07OdQa7rxgnASMXg,1092,I,242,170,False,False,True,False,Grandmaster,Pencil#xdd,412,58.74,2026-01-26 11:08:43.407642+07:00
wIlHjKclSRHqXoCU0JthmfP5_sf-Wj0G-gE_m0gYNne2tBEiV019FAu95zsY_Qsi2xuCOcktSe02fQ,1088,I,119,66,False,False,False,False,Grandmaster,Atidtech#8761,185,64.32,2026-01-26 11:08:43.407642+07:00
zJjl5ZjiW17-HU47VmIkm8TkgnZqtLUq_A3PJxvYTqGDUUgGbDcYgou4xhFEhMiRQpZrQoEJW1mopA,1087,I,159,99,True,False,False,True,Grandmaster,YJlnwZa#007,258,61.63,2026-01-26 11:08:43.407642+07:00
l-ho8JzLQlcy9zWT78SyPwHjXK0jKp0bsW31BI1WMeSiLeEwo1i_C_gC6zK5U5BzbT8YqmzZmbLR5A,1083,I,228,161,False,False,True,False,Grandmaster,Disco#tft,389,58.61,2026-01-26 11:08:43.407642+07:00
9lfX3_dA_RrqjCk41yn9Aox857Oco6-bUHjFpM4LfzM0yXT0vUNx9fS1Z90r8eXzwfgGzphgYT-Ehw,1081,I,259,216,False,False,True,False,Grandmaster,Cytical#ezra,475,54.53,2026-01-26 11:08:43.407642+07:00
Co42dWPtiWsQdppEYpCn4MgfA1F0os4g0L8AoxJa4LLj20ZwGpKF_G39xnvqGwLQKza_87Xn4UPrIw,1078,I,307,225,False,False,True,True,Grandmaster,Fourz#ff4,532,57.71,2026-01-26 11:08:43.407642+07:00
geVqw-WwR3F-1Ke5XLLEdcs3JSAYwarwnkn9CilK3grOXMYNl-Th_rpaksKlz-VBH9r8qn8IXJZ4Jg,1077,I,178,94,False,False,True,True,Grandmaster,josepao1o#1023,272,65.44,2026-01-26 11:08:43.407642+07:00
d5ZkU-OdCiipoLaX_FUJQjARsxKAqd0TTY6U7w7YEpSBOxwPT39W3FKoKA9ciZj4McARZzpNEMZG-w,1076,I,214,138,False,False,False,False,Grandmaster,Daxiatitan#LvUp,352,60.8,2026-01-26 11:08:43.407642+07:00
xMqqlqWQqLoCtIflyGbsC-AcwdA0EKhqbNH2ZDoozgLEsE5zIznHQz9rM42d-ugZNMIzTxJQ116gzQ,1074,I,345,304,False,False,True,True,Grandmaster,Zenocruz#SG2,649,53.16,2026-01-26 11:08:43.407642+07:00
gN3Ym7f-50xhoJ_12ZAtuGS9eHzJToJPhkr0g2U6ZqOhO-9Wm7XG2jufQHEo5Ulwfj6m9Bjf8uPFjA,1063,I,335,251,False,False,False,True,Grandmaster,Tipfy#TIF,586,57.17,2026-01-26 11:08:43.407642+07:00
fnlKrwOnalwfwCG0pD6_9MbvapzwekE2B11s1ExP8X9M0ADNCJcrjV-lIcoxCnwNi7w__Ub3FNQbyQ,1034,I,259,189,False,False,True,False,Grandmaster,teeoftea#SG2,448,57.81,2026-01-26 11:08:43.407642+07:00
4dsxiquCFZpulul_o0vzGWRcOjAYyVX1V5GXCxpJ3jhuwOTzKJdCres4wF9n6dWUdnqeNNk5SUjWDg,1032,I,303,225,False,False,True,True,Grandmaster,Xun勲#ADO,528,57.39,2026-01-26 11:08:43.407642+07:00
0VBqhjoQJDOhUsuUL95_Hv8szDcH77kuBsrWsLskTmk_WGuiGfd0f_2zGq5Y2SkUWPP0tKZkCgz7nQ,1029,I,444,334,False,False,True,False,Grandmaster,ffstars#8787,778,57.07,2026-01-26 11:08:43.407642+07:00
YxXpLxMTUvi7EwPV1R8w9bI4V36QFVixnoL32ysvG4BlhD4noEVp6eWNu3V9A5DwyhzdFpwPFTUSgg,1029,I,245,168,False,False,False,True,Grandmaster,uni#owo,413,59.32,2026-01-26 11:08:43.407642+07:00
znLVFKfP9PEmkPdB1naWDuSsWzUt6u9mDRLULYxofLWLTu_MU5Jgb26KgJrz6HSAVcXdE4psm14jFg,1024,I,264,216,False,False,True,False,Grandmaster,ziqidonglai#babao,480,55.0,2026-01-26 11:08:43.407642+07:00
R94wYse6Q1QG65jo_ZTHh5cLGUZ0tBiHdzyKhWMnjcDo4djqzupSO4jb0yrc6jmwsfKcq7REe_ot5g,1024,I,194,133,False,False,False,True,Grandmaster,LLaLaLong#LaLG,327,59.33,2026-01-26 11:08:43.407642+07:00
U51azwQ2TP7qamHpqL46Wy6mbhOnesM0BvoJD-gSB5PM3ctLxllFY0RpUF8QXYaQcewiYdjgROZlFw,1023,I,316,229,True,False,False,False,Grandmaster,peter pan ties#2806,545,57.98,2026-01-26 11:08:43.407642+07:00
Jf27umubZ3XbJQem7U7kirsfONaMgxwRvqVKAjXZcF8wtJLY-fGHrSJc1aLkL8_QuN9wjaU0EhlQKw,1021,I,427,358,False,False,True,False,Grandmaster,Kurroneko#kuro,785,54.39,2026-01-26 11:08:43.407642+07:00
x2uq8Ue-lXmTAlGB3qZHU_DefUfV5eU-QEgNwJ_VetHvAUYnNj8DreSGL8Ws_31AAE--dR1hLN1vWA,1021,I,278,202,True,False,False,True,Grandmaster,Enictuz#ENZ,480,57.92,2026-01-26 11:08:43.407642+07:00
NMsjYGHmb2OSLWN6lZHMVyJrTKfkpH3dpx4KotZvdqOLGv0mbAwNdGRpnBwdxSRJbmvOlRXkSxh8Gg,1008,I,319,253,False,False,False,False,Grandmaster,WDA Sharkz#SG01,572,55.77,2026-01-26 11:08:43.407642+07:00
B274Jea7oXuEHy1zw539zOrpwKS6DCBO79WugGBKHr3UUW6soF8f35_8oMdlo5qtuN7cKgdvi4VQJQ,1007,I,279,226,False,False,True,False,Grandmaster,Zsm#88123,505,55.25,2026-01-26 11:08:43.407642+07:00
nsJ9ahyPtNa07DKrAhWSl5QeVi7WEOTDfjQ-fZM7NM93Wr-CYhOyedcO8jmC1UGQrUvWu1Bf8B2YoA,1003,I,310,209,False,False,True,False,Grandmaster,N4IKZY#7452,519,59.73,2026-01-26 11:08:43.407642+07:00
jy-Ojr1LbCNwp_uKX5MHtqt7udjC0R9JpQSRGrDu1XFbFZtjBLmk-N9stTJylawtQizdRGYdNRD6aA,1002,I,289,242,True,False,False,False,Grandmaster,Choi Kang Rok#bbtea,531,54.43,2026-01-26 11:08:43.407642+07:00
SIwigk7wBNQ2UBiACAzxsa1oxiG3r-FGM8hfjlIdl6-ZzbICDQfjHgdjOoZ9NFhwglq5mgaCQpf8jg,1001,I,343,276,False,False,True,True,Grandmaster,Bwakies#4638,619,55.41,2026-01-26 11:08:43.407642+07:00
5em7MAQIxP7OxpqK-cYF-tDgDCUeMH0ZyAh8XQQ0yzWA7PprXxpgsSPDcIMaGtRII76wA7-QqGl8EA,991,I,83,17,False,False,False,False,Grandmaster,house cat#BM1,100,83.0,2026-01-26 11:08:43.407642+07:00
o8gIWNjRDKAkA3O-HgfxY0NnLQUQIyWbm8ocRLnXJckjIxh8cgIUW8AkZ0M82erZObDcGUYOwbk44A,989,I,176,113,False,False,False,False,Grandmaster,Seahiter#G3m,289,60.9,2026-01-26 11:08:43.407642+07:00
D8CDK8o2n7hUUUtk7qjMYaz8pi1nPinjpoRqhSP2wmGDa-6301FvfDQhMo86UUkV357LM4S77alc6w,986,I,538,455,True,False,False,False,Grandmaster,Jimbro Beast#333,993,54.18,2026-01-26 11:08:43.407642+07:00
8HJs5svT6YvA3-6a67qcGczdXpgvklMU3TiI8aftTsV_mIO2z_Uw9LNvI9JSaTidx--_s1KbFkO34g,979,I,144,99,False,False,True,False,Grandmaster,FindOut#SG2,243,59.26,2026-01-26 11:08:43.407642+07:00
IuYhypp0qaiay3ydg6qi-9Rv2ryRb-FVyXfcsQ8oyqeCp0i5L6A6cjsfphha9x2kk0JUbfNpkN0VFA,972,I,295,228,False,False,True,False,Grandmaster,Allen#SEA,523,56.41,2026-01-26 11:08:43.407642+07:00
S6clehuZlzktAhjup2MHHSDg32LzoOkUoTwAM5s4rIChf7BTPNIYD0rWMWpOyfQ9w3AVJYLtpLc0tw,968,I,277,219,False,False,True,False,Grandmaster,wabisabi#0929,496,55.85,2026-01-26 11:08:43.407642+07:00
olFLq7E0z7dpq_4ZIUuk-ku4Mu1gNV2kOX4LX9Ut1oGg8lrP06lLDKb8RoNbYLLLWOk0yNRx9drYjg,967,I,284,229,False,False,False,True,Grandmaster,hoodis#2202,513,55.36,2026-01-26 11:08:43.407642+07:00
U1z_otwFF6hY9groeWFzngTNzUY95-ZyfnsrufQEiZwqyWM3heHhrP1l0hQwhRWWBcsc-DRo2WJerA,966,I,236,179,False,False,False,False,Grandmaster,KINGKONG#peyz,415,56.87,2026-01-26 11:08:43.407642+07:00
9Laz3UqMPwWxQQ4YJENspSRKUiIIj5nhkcbPCN6bbRBoHcEN-Dh8zWnZLogoNl0tqgOyg_7ZJGETNA,961,I,141,83,False,False,True,True,Grandmaster,Rexomyne#WTM,224,62.95,2026-01-26 11:08:43.407642+07:00
x9bEVwp_j61mosQWwDftSI2hjCBxopLsniSb_l-M-vJyNKRQnmi2u_lZmuKZ7n1INfzIv7DWop0G8Q,961,I,141,94,False,False,False,False,Grandmaster,minari baby#SG2,235,60.0,2026-01-26 11:08:43.407642+07:00
Ni368aR-iyD96lIfeYQrzlH7IzhiXtthGpeMpluc5pezePZpEmwUC7i1I2UnZ55Vtv9sPQUrS44P5w,960,I,442,381,False,False,True,False,Grandmaster,TTVBubu1150#qquer,823,53.71,2026-01-26 11:08:43.407642+07:00
JnT2nzrAuHAzeOe7lj4p8A7zuhvTtD9s55_C52FLOdMA5fVZAvjjaGgMbvtgLUjKTeqip5Z3u5ZzYA,955,I,222,153,False,False,False,False,Grandmaster,RizuDiff#SG2,375,59.2,2026-01-26 11:08:43.407642+07:00
nWT4SDeDYc7k34KS8eO2ocpxzE_Asan9ennmKjMt86rRlvWWvX3RWNMap3kvGiMCR6_t5x7NWE0ktw,947,I,303,230,False,False,False,True,Grandmaster,holeecow#2590,533,56.85,2026-01-26 11:08:43.407642+07:00
s9qxWuPtOWxV8VYXO2Cb0dW2TrRVuI4JsbS1C329rLWRKN6mINBA6lVWU7ffhUIMZxQxp1k9uiFdHg,947,I,249,143,False,False,False,False,Grandmaster,GNYT PUNPUN#PUMP,392,63.52,2026-01-26 11:08:43.407642+07:00
66fZQiiikyv758UcQ8ssrpMtu13vOG_SYAuTu7V4CaDxkKVrcrSL6gs-U-fqZCNUh2Ih04VKEcGX9w,947,I,196,117,False,False,False,True,Grandmaster,Skyli#Van,313,62.62,2026-01-26 11:08:43.407642+07:00
j8tFMRWmguT8lg0t-6UFFRSXrMYTZtfJqv-4HrWhbYbcTO2QOFfvHrsjEVm5VNznSUgjuuxEC-NDPA,945,I,416,364,False,False,True,True,Grandmaster,Elder Lain#1193,780,53.33,2026-01-26 11:08:43.407642+07:00
JL8AoiuRMkfA_yObaRi9o9cD2yNLot2fLCJ_EtDmBHPCHNzEQIGwIw_x8c_g165UYaUg1bln7WxARw,939,I,312,277,False,False,True,False,Grandmaster,Berlin#sryze,589,52.97,2026-01-26 11:08:43.407642+07:00
1L1T3J2UDNhOyFWrjRxBHZgwBhRC0fXecgUtqCCfOYYyJauUFgUaai9YZqTGuXWw4bR5ZwWgdomH-g,932,I,339,312,False,False,True,False,Grandmaster,Nerby#2761,651,52.07,2026-01-26 11:08:43.407642+07:00
SIDHJI1ibTAmzqdzOCH8InAwwQXw4ArKGx_dEpAXKZjLJfMsCsoVRQJnW4zsc7DPMTs7A7KaChSt6g,926,I,395,330,False,False,True,True,Grandmaster,freezingfiref#SG2,725,54.48,2026-01-26 11:08:43.407642+07:00
4ZXcG9aqORsTlYxj8oCRrHbpyv_af-4jRLyk1i6UN-jPS5NWpciQjCsMrSTydr11FcxwJtTrmz-nlg,923,I,280,226,False,False,True,False,Grandmaster,Swipers#SG333,506,55.34,2026-01-26 11:08:43.407642+07:00
RvaxFRLDYDlVmanGuyYIiqkstxpMchJ84TdRvttg-Aa_liQ2sxoWCw1dphH9QMFQb4zVi2GtkrgezA,921,I,158,103,False,False,True,False,Grandmaster,Ozzie#LOL,261,60.54,2026-01-26 11:08:43.407642+07:00
t0eFvyzkg9zPjyPS-8UjrvqiW9rycXgnpTzuRPnH4z4mrFDKk1SiA4QA4PeTBgjJZEA5rY5J54HCPA,917,I,227,174,False,False,True,False,Grandmaster,Intensify#6969,401,56.61,2026-01-26 11:08:43.407642+07:00
axEsIv52kvfqXqgQPrLbO1k0YZUhu1Pk0h_CCdgz6xFKTrxjMUVusNAEc9uAVXGV1yDU7KPiW_zDdA,915,I,325,236,True,False,False,False,Grandmaster,undeliche#nuunn,561,57.93,2026-01-26 11:08:43.407642+07:00
tpaSKYAbEC1GRbhHcuqPqViRezX9P_CKHLaU-qEBh-Hez174mymu0VgoHjio3Dz8b6S76l30To1DlA,910,I,505,380,False,False,True,False,Grandmaster,Maxccv#2003,885,57.06,2026-01-26 11:08:43.407642+07:00
iXf-QrSOGNFqZf-X0czNnSD-IyQ0QkG_ciKKKhZYGFHrePuL2KeBxjpMtAfbgTlcHVdjUaaKG1j3Hw,899,I,184,136,False,False,False,False,Grandmaster,Mujin#minju,320,57.5,2026-01-26 11:08:43.407642+07:00
0_A7J1nh8nNbmPfRhIahTipM8t6BpIUHj22ZKLSMg0v7cQYaKPxNrg9jCgWufIeuCOKXSStnl7JI4A,897,I,256,193,True,False,False,False,Grandmaster,Curry#16145,449,57.02,2026-01-26 11:08:43.407642+07:00
LROubhpHWiLDXlK0eMU-m_HkexLoLy40AWS5GVQ5Cp6VOwMCnPrvVg60_kfdO5ZtvEoE3em_IQ02tQ,896,I,302,223,False,False,True,False,Grandmaster,grain of rice#ydb,525,57.52,2026-01-26 11:08:43.407642+07:00
NKTGydFoZQJEiyfBBsilMfYh12vGPR31d1LAJ3pAkhmLIi4e17pYO_dnGKqtqfuxzG0PCeZjLSA7Pw,892,I,215,151,False,False,False,True,Grandmaster,hhotboxedd#420,366,58.74,2026-01-26 11:08:43.407642+07:00
nClYpBkEoKoyaWu35rroZ0k2qUb218c04y2noYMlcaDJqDNMwdKZCOII-dCa-CCBYZVgFLi1HtHlhg,882,I,132,104,False,False,True,False,Grandmaster,Sumthing#Spoky,236,55.93,2026-01-26 11:08:43.407642+07:00
fnV-fbkU_C6Ng9bYj-vWB3rjAyZzW1_PbeLVPQwYrYXGDUspNX8oe1wHG5LSMPm3l_A1AA-R5ozVqg,876,I,190,127,False,False,False,False,Grandmaster,mode#tft,317,59.94,2026-01-26 11:08:43.407642+07:00
1objFp_S2YngHf2IFnSMpMkS_kSLdm1VgeZGEjKoNzKQd5pRRtl-rL7OQYekeEmnqPUFlsWId5XM4Q,875,I,501,421,False,False,True,True,Grandmaster,Gettey#9904,922,54.34,2026-01-26 11:08:43.407642+07:00
ZchXPy3_dormCfSXDErnuRCTYxJko-98C5MpHp79M-rdJYZxsFzzuk_2DRf42YN4AFlFQ5pUeFwvpg,874,I,174,127,False,False,True,False,Grandmaster,MagicElephant#SG2,301,57.81,2026-01-26 11:08:43.407642+07:00
tEq0IaCE7k70ymiPyFz5pLGZUGCOgJMu547iucAbsIETx4JFGHcHBltszJ1CGJwFjrz1Iq8mrGjZXA,862,I,133,79,False,False,True,False,Grandmaster,minjeong#SG2,212,62.74,2026-01-26 11:08:43.407642+07:00
q__5BuD8iTMnocQJE4m-3UtkpuK6mpEgay6-Z0mJelYie6k84RVqHFS_FtsYl-4deKrkynXjTh5g1g,861,I,224,161,False,False,True,False,Grandmaster,sayy35#1622,385,58.18,2026-01-26 11:08:43.407642+07:00
2LEAollOdkKuSU0N9oPnYnUMg1is4n6VV_oxE09g8A0SNgJ12Ky6Kcprgy5FPMwjnt_CmOa1OH-EwQ,859,I,207,166,False,False,True,True,Grandmaster,mango graham#HVC,373,55.5,2026-01-26 11:08:43.407642+07:00
gXwaib18bMYy7JQjdO4hJg5QJAedSM7QjFU3-CCfBaCjL_fBk-Dp_uiRYgQLou_LiOUkF1F4KvZc_Q,855,I,394,347,False,False,True,True,Grandmaster,Dubu#2227,741,53.17,2026-01-26 11:08:43.407642+07:00
cMhhORMnDMCsKTpRXFeuOI45Sgx81quausB30dDP7MEl3aiUq7JKiEiF2PlPqu_AuLA_yhumMrtuKQ,855,I,287,239,False,False,True,False,Grandmaster,BALANCEZZ#117,526,54.56,2026-01-26 11:08:43.407642+07:00
s0lsGTdPykBdOZSnVKNGfLT3oJZIZ2vLc7SsICiXQeEDjT3OznyBLFLEylwH_f7a6TCf3qBZz9jLhg,855,I,251,208,False,False,True,False,Grandmaster,hasu#hasuu,459,54.68,2026-01-26 11:08:43.407642+07:00
szz-s70k-Tth2AkGFCAFgMFx9XrgdAlHiORGYFBvoAfHNX_04Z-aCLj4yrAiypoV8UxSNAF8RN-F-w,852,I,237,178,False,False,True,True,Grandmaster,Donut#3720,415,57.11,2026-01-26 11:08:43.407642+07:00
sBf6DzRQdycBP6-6FUDfzhklXmy-en3OGsxLjQBrGLIbJHzoiPH7zyuD8ZPubIsvMQ8nGY4sc6tNjg,849,I,184,138,True,False,False,False,Grandmaster,ice lemon tea#0801,322,57.14,2026-01-26 11:08:43.407642+07:00
ENYh-LncUTyf0FKKO-XJzRvY6aVCsP9skIU8a7Rmh9ZJBEoshoWH2BkA50agzXn88-cg16ulMl4YAA,847,I,197,162,False,False,True,False,Grandmaster,Oh Haewon#narb,359,54.87,2026-01-26 11:08:43.407642+07:00
3bFoxlYsOjXiZWz9u-xFrr-TJWlXPmVqSECrdgzYKrqwsBJZcL5H0dgWxUHFI9i03pflp_Uvbq_kmg,845,I,312,249,False,False,True,False,Grandmaster,HUNTRIX Rumi#1003,561,55.61,2026-01-26 11:08:43.407642+07:00
yiqdukSWSOo9apM1lMpXEdw5-WaASIQLBhUL416kKSvFnwK9rKY1N-V_nHGYWWho9J0ekhaLVn5mzg,843,I,358,320,True,False,False,False,Grandmaster,ทนายPong#1244,678,52.8,2026-01-26 11:08:43.407642+07:00
k_e37yJjligbEiCy5TstT-X3gJa-YiKYy9TY1hDUyz4-HLLMie-ywPjhJueqbFb1ICfvMtrr-a3KJg,842,I,254,236,False,False,False,False,Grandmaster,Fiolette#0432,490,51.84,2026-01-26 11:08:43.407642+07:00
j7lvPjEY6_WahcMkXkAhQgNhnueGkpAP4Lw6tYc-BQg9z-XfyAvZDnkuk4Xl-gLBBl7JEs2kZmNo8A,832,I,250,199,False,False,False,False,Grandmaster,ZaahenEnjoyer#simp,449,55.68,2026-01-26 11:08:43.407642+07:00
rAjhCnMW7JS1CJFC20ue4tIpN2t5wNRFUz5KJGyWCKLtPgqUoc3XTwZhbYinHlfIKhiwnStdrvtQew,832,I,216,185,False,False,True,False,Grandmaster,cjwei98#cjw98,401,53.87,2026-01-26 11:08:43.407642+07:00
3oc5yr2KLCFdcBY1WbGNSYUB727S2gdBLHyDUKmg73qPaQgDtCMxDpSZ82H4jHl5fi6pYyPh0EUnzg,822,I,202,176,True,False,False,False,Grandmaster,popcornpengu#rtyq,378,53.44,2026-01-26 11:08:43.407642+07:00
SuwjXZs00qIPNQUO_oNqSR1l4N_9mGBNemI_QYN-UDGBQtcbypazz_6POJq3enZKEJALGByMzi8t1A,819,I,244,182,False,False,True,False,Grandmaster,teennn#TH22,426,57.28,2026-01-26 11:08:43.407642+07:00
Bp4dtSx9dbHdydzbjGrSHhXLgWpyMTbPyoTN1AVXJNd4SdL1dCO7xBzqd4vS49hai_0ZAFUkiR2HIQ,809,I,162,107,False,False,True,False,Grandmaster,RVTenor#2112,269,60.22,2026-01-26 11:08:43.407642+07:00
O6w0nCY0ZxEUfz2su2XXfkOg-IvW-cL_YDvRgyKa3L5skrGrK6DfkyxN9QV2IGGW5DdF0aARemjtVw,806,I,258,227,False,False,True,False,Grandmaster,maxxine#sleep,485,53.2,2026-01-26 11:08:43.407642+07:00
1i8zoOwOKUu_TmFvOrHJ0Jo2fwyIbnh3IAUqR18J_YByChL5FF9P57csjpzb7x_kQ118Gvu0iN2kYg,806,I,146,103,False,False,True,False,Grandmaster,meksoma#6259,249,58.63,2026-01-26 11:08:43.407642+07:00
Y1efqQgQvmukRSTtAEsx8zD-pFbzZK0Bpf4l6i0yshm_wm2m8ANJa17Y7YblLXpXrl4BHkD8aag5gQ,804,I,199,148,False,False,False,False,Grandmaster,HYUNFIRST#1st,347,57.35,2026-01-26 11:08:43.407642+07:00
1HRw370vlgfaXiSQN0R6vJjI4Ikx1lMArSgFjDn9ORO5fDG2R9jo82gDf-X2x-7EOzVVYuGMR1Fsfw,803,I,235,194,False,False,True,True,Grandmaster,ZekenZ#byou,429,54.78,2026-01-26 11:08:43.407642+07:00
1ezqWqBuIzJs9ejlxu7wjW3z9XhyCL-4c6ZN2ANKHfgLOSEFNpAIYF3IKyvrYrMIVv9nBUKrUyqaPg,791,I,207,149,False,False,True,False,Grandmaster,Reso#RESO,356,58.15,2026-01-26 11:08:43.407642+07:00
VmdifJVSkgE8IVUXurhU2yprVnzvQYfTRnHHNiy3Nx4ybJQa9nQgQ0bKPiJiFJ_nHKxboHVjMrK05A,789,I,355,345,False,False,True,True,Grandmaster,squidwirtz#6767,700,50.71,2026-01-26 11:08:43.407642+07:00
YNt4zeT39dltRxkjyyVAZn-ekbmwhMPdZPLMd2R_UX9Ak_drm0NPVWrK-aJ2ZcUE9z0Z1TgzK4yq4A,788,I,254,186,False,False,True,True,Grandmaster,Im Ace#Ace97,440,57.73,2026-01-26 11:08:43.407642+07:00
gJoasJ7UnR_B8BdngMzKRcO5EWmfBSAnwz-Ky71auKsdaJ3EVl6ZzFynN9TEM9fCH95SFP9AXkibYQ,787,I,171,147,False,False,False,False,Grandmaster,iZero#Zero,318,53.77,2026-01-26 11:08:43.407642+07:00
021wGQuNT1BGJA1cmsG97DATkAbOq-k6ynPjBMdWVrxs7n55Ipt3eVcahbDIj50855auUQy_-xISxA,780,I,300,222,False,False,True,False,Grandmaster,Atjedia#SG2,522,57.47,2026-01-26 11:08:43.407642+07:00
ryl_2ZT2RJgzoooGsZVb1RNFZTfUbZuuMGp358Nk_3qe3UIlFfJh6GQIBpB5Db3EOGDrdSSBaCwD9Q,780,I,259,216,True,False,False,False,Grandmaster,kahz#3770,475,54.53,2026-01-26 11:08:43.407642+07:00
cNMQqukShUBlNdBsQawukwPoaiwrSmwMegvPTf8nYmPBdCb_D07MTrMccinRql1ZUiai8wldHTFXQg,776,I,191,159,False,False,True,False,Grandmaster,DesireDoue#SEA,350,54.57,2026-01-26 11:08:43.407642+07:00
r9B_s5QGe_ql-rt7wC5crh5fg7GuOE_htpYM7kBI1avQp_M7TZKWb1bQ_DeACsrW-1oJNlhDR4HcrA,759,I,220,183,False,False,True,False,Grandmaster,nicolay#aaa,403,54.59,2026-01-26 11:08:43.407642+07:00
GXYD88cSyqsLTPMxExNlp1PiJiwzyC4BV21c4-gCd_ARz2xtza7GmOxN-tt2H47ChXV97_sqwMCLXA,734,I,228,184,False,False,False,False,Grandmaster,lyckajonrai#didpa,412,55.34,2026-01-26 11:08:43.407642+07:00
GO69csRz2-Et3vCNPNvrGBPVibBfgBDjQmKf3NyQMCu_lgVIy2E3V1evLUJ0T773C5rlPPdPVrbcgw,718,I,409,360,False,False,True,False,Grandmaster,เบาเบา#SEA,769,53.19,2026-01-26 11:08:43.407642+07:00
QcIIaPdDQtiIsfO0qNv-pifptDYV_lmZl7jzo3LuLY18QHnBtlo21wfzEwAYN4qx2h9RV_GgUx8YBw,690,I,213,184,False,False,True,False,Grandmaster,TaoHoo#123,397,53.65,2026-01-26 11:08:43.407642+07:00
y7ikjYUYrjgKmlpqFBDgoCFB-wSHrpckYV4kpkPBlaYhVDh1tqHjr5lWWUX4U2VeKW4jaFPfXW69gg,664,I,324,280,False,False,True,False,Grandmaster,oguri cap#jrTH,604,53.64,2026-01-26 11:08:43.407642+07:00
